mode,lambda,RMSE,MAE,MaxAbs,R2,RMSE/std
Mnl1,0.05,1.0681715834678765e-10,9.542836264091232e-11,1.767169188759965e-10,1.0,1.73613735695422e-10
Mnl2,0.05,0.8832704775525266,0.7885090153670741,1.3943698777354712,0.9999949710280984,0.0022425369342607354
