term,Mnl1_coef,Mnl2_coef
q1 q2^2,-23225198529.375412,0.0
q1^2 q2,11128976666.043034,0.0
q2^3,0.0,8413857760.803662
q1^3,-7019121650.212207,0.0
q1^2,-41686754.79008411,0.0
q1 q2,38768145.29012303,0.0
q2^2,-11001454.01205648,0.0
q2,5992.701558944144,-1944690.9685727262
q1 qd2^2,-238556.95683399204,0.0
q2 qd2^2,42128.22895184148,0.0
q1,-2891.9873433951725,34323.49067274823
q1 qd1,-15936.050263483345,0.0
qd1 qd2,365.95360257049356,0.0
qd1^2,-331.9370843374813,0.0
qd2^2,-18.670461566583445,0.0
