mode,lambda,RMSE,MAE,MaxAbs,R2,RMSE/std
Mnl1,0.0776,0.0032390002774155507,0.0028144120372825456,0.005876211505530193,0.9999926621537157,0.0027088459321761393
Mnl2,0.0776,2.2472970904130656,1.912649503636954,4.232282539888786,0.9999893362678666,0.0032655370359892777
