mode,lambda,RMSE,MAE,MaxAbs,R2,RMSE/std
Mnl1,0.0776,1.7205403401808538e-05,1.5184660104860637e-05,3.05830634761417e-05,0.9999999998657157,1.1588106360432719e-05
Mnl2,0.0776,1.199283487230318,1.0662324937545469,2.0743586546800685,0.9999988254315055,0.0010837751125195414
