term,Mnl1_coef,Mnl2_coef
q1^2 q2,-102249756803.88571,0.0
q1 q2^2,68650177598.26998,0.0
q1^3,34073358323.19175,0.0
q1 q2,-290457286.362112,0.0
q2^2,200977827.41173568,0.0
q1^2,101562358.3794493,0.0
q2,0.0,-1976172.6192088472
q2 qd1^2,765650.535099088,0.0
q1 qd1 qd2,-629954.460254424,0.0
q1,0.0,43470.25193471979
qd1 qd2,-3660.0234292064215,0.0
qd2^2,2723.126744528154,0.0
qd1^2,1276.343478117968,0.0
